[{"1": "انتخابات ریاست جمهوری"}, {"2": "استعفای کارلوس کی روش"}, {"3": "اختلافات روسای قوا"}, {"4": "شهرداری پایتخت"}, {"5": "پیوستن مسجدجامعی به دولت"}, {"6": "منشورحقوق شهروندی"}, {"7": "انتخابات 96"}, {"8": "تعطیلی مدارس"}, {"9": "آلودگی هوا"}, {"10": "آیت الله هاشمی رفسنجانی"}, {"11": "بستری شدن آیت الله هاشمی"}, {"12": "عارضه قلبی"}, {"13": "خروج هواپیمای تهران - تبریز"}, {"14": "درگذشت آیت الله هاشمی"}, {"15": "درگذشت رئیس مجمع تشخیص مصلحت نظام"}, {"16": "درگذشت یاردیرین امام"}, {"17": "عیادت رئیس جمهور از آیت الله هاشمی"}, {"18": "آخرین دیدار رئیس جمهور با فرمانده دفاع مقدس"}, {"19": "سکته قلبی هاشمی"}, {"20": "فوت آيت الله هاشمي رفسنجانی"}, {"21": "رحلت آیت الله هاشمی رفسنجانی"}, {"22": "ارتحال آيت الله هاشمي"}, {"23": "تخلفات بودجه شهرداری"}, {"24": "تشییع آیت الله هاشمی رفسنجانی"}, {"25": "پیکر آیت‌الله هاشمی‌رفسنجانی"}, {"26": "لاغری و چربی سوزی"}, {"27": "مرگ هاشمی"}, {"28": "اصغر فرهادی"}, {"29": "گلدن گلوب"}, {"30": "فواید مواد غذایی"}, {"31": "طراحی سامانه مترجم"}, {"32": "رزمایش دریایی"}, {"33": "گزینش  کارکنان دانشگاه تبریز"}, {"34": "دفن آیت الله هاشمی"}, {"35": "جذب هیات علمی"}, {"36": "تدفین آیت الله هاشمی رفسنجانی"}, {"37": "شکاف های احزاب ایران"}, {"38": "لغو امتحانات"}, {"39": "رهبر انقلاب دیدار مردم قم"}, {"41": "آوار پلاسکو"}, {"42": "حادثه پلاسکو"}, {"43": "آتش پلاسکو"}, {"44": " ساختمان پلاسکو"}, {"45": "ترامپ"}, {"46": "رییس جمهور منتخب آمریکا"}, {"47": "عملیات جست‌وجو پلاسکو"}, {"48": "انتصاب دکتر ولایتی"}, {"49": "انتخابات آمریکا\r\nانتخابات آمریکا"}, {"50": "معرفی فرماندار ورزقان"}, {"51": "برجام\r\nبرجام"}, {"52": "سالروز درگذشت مهندس بازرگان"}, {"53": "پروژه مترو تبریز"}, {"55": "سازمان اطلاعات مرکزی آمریکا"}, {"56": "دکتر عارف"}, {"57": "خطرات پارازیت ماهواره‌ای"}, {"58": "داعش"}, {"59": "خواص میوه‌ها"}, {"60": "آلودگی هوا"}, {"61": "دکتر قالیباف"}, {"62": "عکس و سلفی گرفتن"}, {"63": "ترافیک"}, {"64": "عرض تسلیت"}, {"65": "شهادت آتش نشان"}, {"66": "آتش"}, {"67": "انقلاب اسلامی"}, {"68": "ورزش های رزمی"}, {"69": "فرماندار تبریز"}, {"70": "نمایندگان مجلس"}, {"71": "سوء مدیریت"}, {"72": "دعا برای سلامتی"}, {"73": "قهرمانان پلاسکو"}, {"74": "انجمن اسلامی جامع پزشکی"}, {"75": "معدنچیهای شیلی"}, {"76": " آتش نشانان"}, {"77": "تراکتورسازی"}, {"78": "هفته نامه خط انقلاب"}, {"79": "عزای عمومی"}, {"80": "اوباما"}, {"81": "کشتی جام تختی"}, {"82": "دستگاه های زنده یاب"}, {"83": "مراسم ادای سوگند"}]